driver_id,name,hub_id
393,Driver_393,7
320,Driver_320,2
323,Driver_323,3
390,Driver_390,5
169,Driver_169,3
167,Driver_167,10
243,Driver_243,9
384,Driver_384,2
107,Driver_107,4
301,Driver_301,10
298,Driver_298,8
299,Driver_299,1
295,Driver_295,7
141,Driver_141,2
332,Driver_332,4
386,Driver_386,4
136,Driver_136,5
281,Driver_281,3
357,Driver_357,8
229,Driver_229,7
344,Driver_344,5
256,Driver_256,6
157,Driver_157,5
380,Driver_380,8
233,Driver_233,8
114,Driver_114,10
202,Driver_202,2
264,Driver_264,2
304,Driver_304,7
218,Driver_218,2
238,Driver_238,6
127,Driver_127,6
363,Driver_363,6
303,Driver_303,10
288,Driver_288,9
131,Driver_131,3
159,Driver_159,6
105,Driver_105,7
181,Driver_181,1
399,Driver_399,10
115,Driver_115,10
269,Driver_269,1
190,Driver_190,7
223,Driver_223,7
253,Driver_253,1
146,Driver_146,7
247,Driver_247,10
385,Driver_385,6
240,Driver_240,1
392,Driver_392,1
300,Driver_300,3
239,Driver_239,8
292,Driver_292,9
258,Driver_258,5
139,Driver_139,3
389,Driver_389,7
162,Driver_162,6
176,Driver_176,6
353,Driver_353,6
147,Driver_147,8
294,Driver_294,1
245,Driver_245,4
351,Driver_351,4
356,Driver_356,3
142,Driver_142,5
322,Driver_322,8
345,Driver_345,10
104,Driver_104,6
248,Driver_248,7
100,Driver_100,8
118,Driver_118,5
195,Driver_195,7
354,Driver_354,4
367,Driver_367,2
192,Driver_192,8
250,Driver_250,6
160,Driver_160,7
215,Driver_215,4
143,Driver_143,7
261,Driver_261,7
306,Driver_306,3
230,Driver_230,4
282,Driver_282,7
113,Driver_113,10
398,Driver_398,3
324,Driver_324,7
388,Driver_388,6
122,Driver_122,4
126,Driver_126,5
210,Driver_210,8
196,Driver_196,6
188,Driver_188,8
151,Driver_151,7
148,Driver_148,3
237,Driver_237,6
285,Driver_285,1
349,Driver_349,5
346,Driver_346,10
116,Driver_116,3
158,Driver_158,6
171,Driver_171,5
277,Driver_277,8
194,Driver_194,7
341,Driver_341,4
302,Driver_302,5
204,Driver_204,1
373,Driver_373,7
161,Driver_161,6
241,Driver_241,5
152,Driver_152,1
225,Driver_225,10
174,Driver_174,1
102,Driver_102,9
366,Driver_366,1
381,Driver_381,5
383,Driver_383,9
191,Driver_191,3
260,Driver_260,6
339,Driver_339,2
358,Driver_358,2
391,Driver_391,9
333,Driver_333,5
217,Driver_217,4
278,Driver_278,7
108,Driver_108,3
193,Driver_193,5
371,Driver_371,1
310,Driver_310,7
297,Driver_297,7
387,Driver_387,7
275,Driver_275,9
251,Driver_251,3
166,Driver_166,7
219,Driver_219,2
368,Driver_368,8
359,Driver_359,2
203,Driver_203,10
254,Driver_254,9
296,Driver_296,1
276,Driver_276,9
270,Driver_270,6
335,Driver_335,7
168,Driver_168,7
123,Driver_123,8
212,Driver_212,7
382,Driver_382,9
187,Driver_187,10
109,Driver_109,9
164,Driver_164,5
242,Driver_242,5
334,Driver_334,9
337,Driver_337,9
235,Driver_235,5
149,Driver_149,2
130,Driver_130,6
327,Driver_327,4
154,Driver_154,4
170,Driver_170,1
287,Driver_287,7
330,Driver_330,1
150,Driver_150,8
231,Driver_231,8
361,Driver_361,6
312,Driver_312,1
208,Driver_208,6
394,Driver_394,9
156,Driver_156,2
273,Driver_273,4
236,Driver_236,3
279,Driver_279,10
135,Driver_135,1
318,Driver_318,1
249,Driver_249,3
209,Driver_209,5
347,Driver_347,7
228,Driver_228,9
262,Driver_262,1
103,Driver_103,9
198,Driver_198,1
201,Driver_201,2
374,Driver_374,6
200,Driver_200,9
244,Driver_244,10
137,Driver_137,10
376,Driver_376,8
364,Driver_364,1
266,Driver_266,8
265,Driver_265,5
129,Driver_129,10
369,Driver_369,8
396,Driver_396,1
331,Driver_331,10
308,Driver_308,6
268,Driver_268,9
106,Driver_106,7
291,Driver_291,2
165,Driver_165,5
185,Driver_185,9
140,Driver_140,6
362,Driver_362,6
173,Driver_173,4
177,Driver_177,7
227,Driver_227,9
179,Driver_179,9
221,Driver_221,6
224,Driver_224,3
355,Driver_355,7
326,Driver_326,10
222,Driver_222,7
211,Driver_211,10
307,Driver_307,8
284,Driver_284,8
343,Driver_343,6
350,Driver_350,3
178,Driver_178,10
340,Driver_340,5
336,Driver_336,9
216,Driver_216,9
348,Driver_348,1
377,Driver_377,8
234,Driver_234,3
125,Driver_125,10
370,Driver_370,1
199,Driver_199,6
317,Driver_317,3
338,Driver_338,8
289,Driver_289,2
207,Driver_207,1
263,Driver_263,3
205,Driver_205,1
328,Driver_328,1
226,Driver_226,7
145,Driver_145,1
134,Driver_134,10
309,Driver_309,1
132,Driver_132,9
314,Driver_314,2
360,Driver_360,1
352,Driver_352,4
144,Driver_144,9
259,Driver_259,4
290,Driver_290,5
319,Driver_319,10
183,Driver_183,7
379,Driver_379,1
286,Driver_286,1
121,Driver_121,6
184,Driver_184,1
232,Driver_232,2
283,Driver_283,4
180,Driver_180,4
305,Driver_305,5
182,Driver_182,4
120,Driver_120,1
133,Driver_133,7
